|(137, 'building the robot...', 0)|
|(136, 'Connecting to FMS...', 0)| |(134, 'Algae 2', 0)| |(133, None, 0)| |(132, 'Algae net', 4)| |(131, None, 0)| |(130, None, 0)| |(129, 'Algae 2', 0)| |(128, None, 0)| |(127, 'Algae net', 4)| |(126, None, 0)| |(125, None, 0)| |(124, 'Algae 2', 0)| |(123, None, 0)| |(122, 'Algae net', 4)| |(121, None, 0)| |(120, None, 0)| |(119, 'Algae 1', 0)| |(118, None, 0)| |(117, 'Algae net', 4)| |(116, None, 0)| |(115, None, 0)| |(114, 'Algae 1', 0)| |(113, None, 0)| |(112, 'Algae net', 4)| |(111, None, 0)| |(110, None, 0)| |(109, 'Algae 1', 0)| |(108, None, 0)| |(107, 'Algae net', 4)| |(106, None, 0)| |(105, None, 0)| |(104, 'Coral 4', 5)| |(103, None, 0)| |(102, None, 0)| |(101, None, 0)| |(100, None, 0)| |(99, 'Coral floor', 0)| |(98, None, 0)| |(97, None, 0)| |(96, 'Coral 4', 5)| |(95, None, 0)| |(94, None, 0)| |(93, None, 0)| |(92, None, 0)| |(91, 'Coral floor', 0)| |(90, None, 0)| |(89, None, 0)| |(88, 'Coral 4', 5)| |(87, None, 0)| |(86, None, 0)| |(85, None, 0)| |(84, None, 0)| |(83, 'Coral floor', 0)| |(82, None, 0)| |(81, None, 0)| |(80, 'Coral 4', 5)| |(79, None, 0)| |(78, None, 0)| |(77, None, 0)| |(76, None, 0)| |(75, 'Coral floor', 0)| |(74, None, 0)| |(73, None, 0)| |(72, 'Coral 4', 5)| |(71, None, 0)| |(70, None, 0)| |(69, None, 0)| |(68, None, 0)| |(67, 'Coral floor', 0)| |(66, None, 0)| |(65, None, 0)| |(64, 'Coral 4', 5)| |(63, None, 0)| |(62, None, 0)| |(61, None, 0)| |(60, None, 0)| |(59, 'Coral floor', 0)| |(58, None, 0)| |(57, None, 0)| |(56, 'Coral 4', 5)| |(55, None, 0)| |(54, None, 0)| |(53, None, 0)| |(52, None, 0)| |(51, 'Coral floor', 0)| |(50, None, 0)| |(49, None, 0)| |(48, 'Coral 4', 5)| |(47, None, 0)| |(46, None, 0)| |(45, None, 0)| |(44, None, 0)| |(43, 'Coral floor', 0)| |(42, None, 0)| |(41, None, 0)| |(40, 'Coral 4', 5)| |(39, None, 0)| |(38, None, 0)| |(37, None, 0)| |(36, None, 0)| |(35, 'Coral floor', 0)| |(34, None, 0)| |(33, None, 0)| |(32, 'Coral 4', 5)| |(31, None, 0)| |(30, None, 0)| |(29, None, 0)| |(28, None, 0)| |(27, 'Coral floor', 0)| |(26, None, 0)| |(25, None, 0)| |(24, 'Coral 4', 5)| |(23, None, 0)| |(22, None, 0)| |(21, None, 0)| |(20, None, 0)| |(19, 'Climbed low', 12)| |(18, None, 0)| |(17, None, 0)| |(16, None, 0)| |(15, None, 0)| |(14, None, 0)| |(13, None, 0)| |(12, None, 0)| |(11, None, 0)| |(10, None, 0)| |(9, None, 0)| |(8, 'Coral floor', 0)| |(7, None, 0)| |(6, None, 0)| |(5, 'Coral 4', 5)| |(4, None, 0)| |(3, None, 0)| |(2, None, 0)| |(1, None, 0)| |(0, 'passed', 0)|
|(136, 'Connecting to FMS...', 0)| |(134, 'passed', 0)| |(133, 'passed', 0)| |(132, 'passed', 0)| |(131, 'passed', 0)| |(130, 'passed', 0)| |(129, 'passed', 0)| |(128, 'passed', 0)| |(127, 'passed', 0)| |(126, 'passed', 0)| |(125, 'passed', 0)| |(124, 'passed', 0)| |(123, 'passed', 0)| |(122, 'passed', 0)| |(121, 'passed', 0)| |(120, 'passed', 0)| |(119, 'passed', 0)| |(118, 'passed', 0)| |(117, 'passed', 0)| |(116, 'passed', 0)| |(115, 'passed', 0)| |(114, 'passed', 0)| |(113, 'passed', 0)| |(112, 'passed', 0)| |(111, 'passed', 0)| |(110, 'passed', 0)| |(109, 'passed', 0)| |(108, 'passed', 0)| |(107, 'passed', 0)| |(106, 'passed', 0)| |(105, 'passed', 0)| |(104, 'passed', 0)| |(103, 'passed', 0)| |(102, 'passed', 0)| |(101, 'passed', 0)| |(100, 'passed', 0)| |(99, 'passed', 0)| |(98, 'passed', 0)| |(97, 'passed', 0)| |(96, 'passed', 0)| |(95, 'passed', 0)| |(94, 'passed', 0)| |(93, 'passed', 0)| |(92, 'passed', 0)| |(91, 'passed', 0)| |(90, 'passed', 0)| |(89, 'passed', 0)| |(88, 'passed', 0)| |(87, 'passed', 0)| |(86, 'passed', 0)| |(85, 'passed', 0)| |(84, 'passed', 0)| |(83, 'passed', 0)| |(82, 'passed', 0)| |(81, 'passed', 0)| |(80, 'passed', 0)| |(79, 'passed', 0)| |(78, 'passed', 0)| |(77, 'passed', 0)| |(76, 'passed', 0)| |(75, 'passed', 0)| |(74, 'passed', 0)| |(73, 'passed', 0)| |(72, 'passed', 0)| |(71, 'passed', 0)| |(70, 'passed', 0)| |(69, 'passed', 0)| |(68, 'passed', 0)| |(67, 'passed', 0)| |(66, 'passed', 0)| |(65, 'passed', 0)| |(64, 'passed', 0)| |(63, 'passed', 0)| |(62, 'passed', 0)| |(61, 'passed', 0)| |(60, 'passed', 0)| |(59, 'passed', 0)| |(58, 'passed', 0)| |(57, 'passed', 0)| |(56, 'passed', 0)| |(55, 'passed', 0)| |(54, 'passed', 0)| |(53, 'passed', 0)| |(52, 'passed', 0)| |(51, 'passed', 0)| |(50, 'passed', 0)| |(49, 'passed', 0)| |(48, 'passed', 0)| |(47, 'passed', 0)| |(46, 'passed', 0)| |(45, 'passed', 0)| |(44, 'passed', 0)| |(43, 'passed', 0)| |(42, 'passed', 0)| |(41, 'passed', 0)| |(40, 'passed', 0)| |(39, 'passed', 0)| |(38, 'passed', 0)| |(37, 'passed', 0)| |(36, 'passed', 0)| |(35, 'passed', 0)| |(34, 'passed', 0)| |(33, 'passed', 0)| |(32, 'passed', 0)| |(31, 'passed', 0)| |(30, 'passed', 0)| |(29, 'passed', 0)| |(28, 'passed', 0)| |(27, 'passed', 0)| |(26, 'passed', 0)| |(25, 'passed', 0)| |(24, 'passed', 0)| |(23, 'passed', 0)| |(22, 'passed', 0)| |(21, 'passed', 0)| |(20, 'passed', 0)| |(19, 'Climbed low', 12)| |(18, None, 0)| |(17, None, 0)| |(16, None, 0)| |(15, None, 0)| |(14, None, 0)| |(13, None, 0)| |(12, None, 0)| |(11, None, 0)| |(10, None, 0)| |(9, None, 0)| |(8, 'passed', 0)| |(7, 'passed', 0)| |(6, 'passed', 0)| |(5, 'passed', 0)| |(4, 'passed', 0)| |(3, 'passed', 0)| |(2, 'passed', 0)| |(1, 'passed', 0)| |(0, 'passed', 0)|
|(136, 'Connecting to FMS...', 0)| |(134, 'passed', 0)| |(133, 'passed', 0)| |(132, 'passed', 0)| |(131, 'passed', 0)| |(130, 'passed', 0)| |(129, 'passed', 0)| |(128, 'passed', 0)| |(127, 'passed', 0)| |(126, 'passed', 0)| |(125, 'passed', 0)| |(124, 'passed', 0)| |(123, 'passed', 0)| |(122, 'passed', 0)| |(121, 'passed', 0)| |(120, 'passed', 0)| |(119, 'passed', 0)| |(118, 'passed', 0)| |(117, 'passed', 0)| |(116, 'passed', 0)| |(115, 'passed', 0)| |(114, 'passed', 0)| |(113, 'passed', 0)| |(112, 'passed', 0)| |(111, 'passed', 0)| |(110, 'passed', 0)| |(109, 'passed', 0)| |(108, 'passed', 0)| |(107, 'passed', 0)| |(106, 'passed', 0)| |(105, 'passed', 0)| |(104, 'passed', 0)| |(103, 'passed', 0)| |(102, 'passed', 0)| |(101, 'passed', 0)| |(100, 'passed', 0)| |(99, 'passed', 0)| |(98, 'passed', 0)| |(97, 'passed', 0)| |(96, 'passed', 0)| |(95, 'passed', 0)| |(94, 'passed', 0)| |(93, 'passed', 0)| |(92, 'passed', 0)| |(91, 'passed', 0)| |(90, 'passed', 0)| |(89, 'passed', 0)| |(88, 'passed', 0)| |(87, 'passed', 0)| |(86, 'passed', 0)| |(85, 'passed', 0)| |(84, 'passed', 0)| |(83, 'passed', 0)| |(82, 'passed', 0)| |(81, 'passed', 0)| |(80, 'passed', 0)| |(79, 'passed', 0)| |(78, 'passed', 0)| |(77, 'passed', 0)| |(76, 'passed', 0)| |(75, 'passed', 0)| |(74, 'passed', 0)| |(73, 'passed', 0)| |(72, 'passed', 0)| |(71, 'passed', 0)| |(70, 'passed', 0)| |(69, 'passed', 0)| |(68, 'passed', 0)| |(67, 'passed', 0)| |(66, 'passed', 0)| |(65, 'passed', 0)| |(64, 'passed', 0)| |(63, 'passed', 0)| |(62, 'passed', 0)| |(61, 'passed', 0)| |(60, 'passed', 0)| |(59, 'passed', 0)| |(58, 'passed', 0)| |(57, 'passed', 0)| |(56, 'passed', 0)| |(55, 'passed', 0)| |(54, 'passed', 0)| |(53, 'passed', 0)| |(52, 'passed', 0)| |(51, 'passed', 0)| |(50, 'passed', 0)| |(49, 'passed', 0)| |(48, 'passed', 0)| |(47, 'passed', 0)| |(46, 'passed', 0)| |(45, 'passed', 0)| |(44, 'passed', 0)| |(43, 'passed', 0)| |(42, 'passed', 0)| |(41, 'passed', 0)| |(40, 'passed', 0)| |(39, 'passed', 0)| |(38, 'passed', 0)| |(37, 'passed', 0)| |(36, 'passed', 0)| |(35, 'passed', 0)| |(34, 'passed', 0)| |(33, 'passed', 0)| |(32, 'passed', 0)| |(31, 'passed', 0)| |(30, 'passed', 0)| |(29, 'passed', 0)| |(28, 'passed', 0)| |(27, 'passed', 0)| |(26, 'passed', 0)| |(25, 'passed', 0)| |(24, 'passed', 0)| |(23, 'passed', 0)| |(22, 'passed', 0)| |(21, 'passed', 0)| |(20, 'passed', 0)| |(19, 'Climbed high', 6)| |(18, None, 0)| |(17, None, 0)| |(16, None, 0)| |(15, None, 0)| |(14, None, 0)| |(13, None, 0)| |(12, None, 0)| |(11, None, 0)| |(10, 'Climbed high', 6)| |(9, None, 0)| |(8, None, 0)| |(7, None, 0)| |(6, None, 0)| |(5, None, 0)| |(4, None, 0)| |(3, None, 0)| |(2, None, 0)| |(1, 'passed', 0)| |(0, 'passed', 0)|
|(136, 'Connecting to FMS...', 0)| |(134, 'Coral 1', 2)| |(133, None, 0)| |(132, None, 0)| |(131, 'Coral HP', 0)| |(130, None, 0)| |(129, None, 0)| |(128, 'Coral 1', 2)| |(127, None, 0)| |(126, None, 0)| |(125, 'Coral HP', 0)| |(124, None, 0)| |(123, None, 0)| |(122, 'Coral 1', 2)| |(121, None, 0)| |(120, None, 0)| |(119, 'Coral HP', 0)| |(118, None, 0)| |(117, None, 0)| |(116, 'Coral 1', 2)| |(115, None, 0)| |(114, None, 0)| |(113, 'Coral HP', 0)| |(112, None, 0)| |(111, None, 0)| |(110, 'Coral 1', 2)| |(109, None, 0)| |(108, None, 0)| |(107, 'Coral HP', 0)| |(106, None, 0)| |(105, None, 0)| |(104, 'Coral 1', 2)| |(103, None, 0)| |(102, None, 0)| |(101, 'Coral HP', 0)| |(100, None, 0)| |(99, None, 0)| |(98, 'Coral 1', 2)| |(97, None, 0)| |(96, None, 0)| |(95, 'Coral HP', 0)| |(94, None, 0)| |(93, None, 0)| |(92, 'Coral 1', 2)| |(91, None, 0)| |(90, None, 0)| |(89, 'Coral HP', 0)| |(88, None, 0)| |(87, None, 0)| |(86, 'Coral 1', 2)| |(85, None, 0)| |(84, None, 0)| |(83, 'Coral HP', 0)| |(82, None, 0)| |(81, None, 0)| |(80, 'Coral 1', 2)| |(79, None, 0)| |(78, None, 0)| |(77, 'Coral HP', 0)| |(76, None, 0)| |(75, None, 0)| |(74, 'Coral 1', 2)| |(73, None, 0)| |(72, None, 0)| |(71, 'Coral HP', 0)| |(70, None, 0)| |(69, None, 0)| |(68, 'Coral 1', 2)| |(67, None, 0)| |(66, None, 0)| |(65, 'Coral HP', 0)| |(64, None, 0)| |(63, None, 0)| |(62, 'Coral 1', 2)| |(61, None, 0)| |(60, None, 0)| |(59, 'Coral HP', 0)| |(58, None, 0)| |(57, None, 0)| |(56, 'Coral 1', 2)| |(55, None, 0)| |(54, None, 0)| |(53, 'Coral HP', 0)| |(52, None, 0)| |(51, None, 0)| |(50, 'Coral 1', 2)| |(49, None, 0)| |(48, None, 0)| |(47, 'Coral HP', 0)| |(46, None, 0)| |(45, None, 0)| |(44, 'Coral 1', 2)| |(43, None, 0)| |(42, None, 0)| |(41, 'Coral HP', 0)| |(40, None, 0)| |(39, None, 0)| |(38, 'Coral 1', 2)| |(37, None, 0)| |(36, None, 0)| |(35, 'Coral HP', 0)| |(34, None, 0)| |(33, None, 0)| |(32, 'Coral 1', 2)| |(31, None, 0)| |(30, None, 0)| |(29, 'Coral HP', 0)| |(28, None, 0)| |(27, None, 0)| |(26, 'Coral 1', 2)| |(25, None, 0)| |(24, None, 0)| |(23, 'Coral HP', 0)| |(22, None, 0)| |(21, None, 0)| |(20, 'Coral 1', 2)| |(19, None, 0)| |(18, None, 0)| |(17, 'Climbed high', 6)| |(16, None, 0)| |(15, None, 0)| |(14, None, 0)| |(13, None, 0)| |(12, None, 0)| |(11, None, 0)| |(10, None, 0)| |(9, None, 0)| |(8, 'Coral HP', 0)| |(7, None, 0)| |(6, None, 0)| |(5, 'Coral 1', 2)| |(4, None, 0)| |(3, None, 0)| |(2, 'passed', 0)| |(1, 'passed', 0)| |(0, 'passed', 0)|
|(136, 'Connecting to FMS...', 0)| |(134, 'Coral 3', 4)| |(133, None, 0)| |(132, None, 0)| |(131, None, 0)| |(130, 'Coral HP', 0)| |(129, None, 0)| |(128, None, 0)| |(127, 'Coral 3', 4)| |(126, None, 0)| |(125, None, 0)| |(124, None, 0)| |(123, 'Coral HP', 0)| |(122, None, 0)| |(121, None, 0)| |(120, 'Coral 3', 4)| |(119, None, 0)| |(118, None, 0)| |(117, None, 0)| |(116, 'Coral HP', 0)| |(115, None, 0)| |(114, None, 0)| |(113, 'Coral 3', 4)| |(112, None, 0)| |(111, None, 0)| |(110, None, 0)| |(109, 'Coral HP', 0)| |(108, None, 0)| |(107, None, 0)| |(106, 'Coral 3', 4)| |(105, None, 0)| |(104, None, 0)| |(103, None, 0)| |(102, 'Coral HP', 0)| |(101, None, 0)| |(100, None, 0)| |(99, 'Coral 3', 4)| |(98, None, 0)| |(97, None, 0)| |(96, None, 0)| |(95, 'Coral HP', 0)| |(94, None, 0)| |(93, None, 0)| |(92, 'Coral 3', 4)| |(91, None, 0)| |(90, None, 0)| |(89, None, 0)| |(88, 'Coral HP', 0)| |(87, None, 0)| |(86, None, 0)| |(85, 'Coral 3', 4)| |(84, None, 0)| |(83, None, 0)| |(82, None, 0)| |(81, 'Coral HP', 0)| |(80, None, 0)| |(79, None, 0)| |(78, 'Coral 3', 4)| |(77, None, 0)| |(76, None, 0)| |(75, None, 0)| |(74, 'Coral HP', 0)| |(73, None, 0)| |(72, None, 0)| |(71, 'Coral 3', 4)| |(70, None, 0)| |(69, None, 0)| |(68, None, 0)| |(67, 'Coral HP', 0)| |(66, None, 0)| |(65, None, 0)| |(64, 'Coral 3', 4)| |(63, None, 0)| |(62, None, 0)| |(61, None, 0)| |(60, 'Coral HP', 0)| |(59, None, 0)| |(58, None, 0)| |(57, 'Coral 3', 4)| |(56, None, 0)| |(55, None, 0)| |(54, None, 0)| |(53, 'Coral HP', 0)| |(52, None, 0)| |(51, None, 0)| |(50, 'Coral 3', 4)| |(49, None, 0)| |(48, None, 0)| |(47, None, 0)| |(46, 'Coral HP', 0)| |(45, None, 0)| |(44, None, 0)| |(43, 'Coral 3', 4)| |(42, None, 0)| |(41, None, 0)| |(40, None, 0)| |(39, 'Coral HP', 0)| |(38, None, 0)| |(37, None, 0)| |(36, 'Coral 3', 4)| |(35, None, 0)| |(34, None, 0)| |(33, None, 0)| |(32, 'Coral HP', 0)| |(31, None, 0)| |(30, None, 0)| |(29, 'Coral 3', 4)| |(28, None, 0)| |(27, None, 0)| |(26, None, 0)| |(25, 'Coral HP', 0)| |(24, None, 0)| |(23, None, 0)| |(22, 'Coral 3', 4)| |(21, None, 0)| |(20, None, 0)| |(19, None, 0)| |(18, 'Coral HP', 0)| |(17, None, 0)| |(16, None, 0)| |(15, 'Coral 3', 4)| |(14, None, 0)| |(13, None, 0)| |(12, None, 0)| |(11, 'Coral HP', 0)| |(10, None, 0)| |(9, None, 0)| |(8, 'Coral 2', 3)| |(7, None, 0)| |(6, None, 0)| |(5, None, 0)| |(4, 'Coral HP', 0)| |(3, None, 0)| |(2, None, 0)| |(1, 'passed', 0)| |(0, 'passed', 0)|
|(136, 'Connecting to FMS...', 0)| |(134, 'Coral 2', 3)| |(133, None, 0)| |(132, None, 0)| |(131, None, 0)| |(130, 'Coral HP', 0)| |(129, None, 0)| |(128, None, 0)| |(127, 'Coral 2', 3)| |(126, None, 0)| |(125, None, 0)| |(124, None, 0)| |(123, 'Coral HP', 0)| |(122, None, 0)| |(121, None, 0)| |(120, 'Coral 2', 3)| |(119, None, 0)| |(118, None, 0)| |(117, None, 0)| |(116, 'Coral HP', 0)| |(115, None, 0)| |(114, None, 0)| |(113, 'Coral 2', 3)| |(112, None, 0)| |(111, None, 0)| |(110, None, 0)| |(109, 'Coral HP', 0)| |(108, None, 0)| |(107, None, 0)| |(106, 'Coral 2', 3)| |(105, None, 0)| |(104, None, 0)| |(103, None, 0)| |(102, 'Coral HP', 0)| |(101, None, 0)| |(100, None, 0)| |(99, 'Coral 2', 3)| |(98, None, 0)| |(97, None, 0)| |(96, None, 0)| |(95, 'Coral HP', 0)| |(94, None, 0)| |(93, None, 0)| |(92, 'Coral 2', 3)| |(91, None, 0)| |(90, None, 0)| |(89, None, 0)| |(88, 'Coral HP', 0)| |(87, None, 0)| |(86, None, 0)| |(85, 'Coral 2', 3)| |(84, None, 0)| |(83, None, 0)| |(82, None, 0)| |(81, 'Coral HP', 0)| |(80, None, 0)| |(79, None, 0)| |(78, 'Coral 2', 3)| |(77, None, 0)| |(76, None, 0)| |(75, None, 0)| |(74, 'Coral HP', 0)| |(73, None, 0)| |(72, None, 0)| |(71, 'Coral 2', 3)| |(70, None, 0)| |(69, None, 0)| |(68, None, 0)| |(67, 'Coral HP', 0)| |(66, None, 0)| |(65, None, 0)| |(64, 'Coral 2', 3)| |(63, None, 0)| |(62, None, 0)| |(61, None, 0)| |(60, 'Coral HP', 0)| |(59, None, 0)| |(58, None, 0)| |(57, 'Coral 2', 3)| |(56, None, 0)| |(55, None, 0)| |(54, None, 0)| |(53, 'Coral HP', 0)| |(52, None, 0)| |(51, None, 0)| |(50, 'Coral 2', 3)| |(49, None, 0)| |(48, None, 0)| |(47, None, 0)| |(46, 'Coral HP', 0)| |(45, None, 0)| |(44, None, 0)| |(43, 'Coral 2', 3)| |(42, None, 0)| |(41, None, 0)| |(40, None, 0)| |(39, 'Coral HP', 0)| |(38, None, 0)| |(37, None, 0)| |(36, 'Coral 2', 3)| |(35, None, 0)| |(34, None, 0)| |(33, None, 0)| |(32, 'Coral HP', 0)| |(31, None, 0)| |(30, None, 0)| |(29, 'Coral 2', 3)| |(28, None, 0)| |(27, None, 0)| |(26, None, 0)| |(25, 'Coral HP', 0)| |(24, None, 0)| |(23, None, 0)| |(22, 'Coral 2', 3)| |(21, None, 0)| |(20, None, 0)| |(19, None, 0)| |(18, 'Climbed high', 6)| |(17, None, 0)| |(16, None, 0)| |(15, None, 0)| |(14, None, 0)| |(13, None, 0)| |(12, None, 0)| |(11, None, 0)| |(10, None, 0)| |(9, 'Climbed high', 6)| |(8, None, 0)| |(7, None, 0)| |(6, None, 0)| |(5, None, 0)| |(4, None, 0)| |(3, None, 0)| |(2, None, 0)| |(1, None, 0)| |(0, 'passed', 0)|
|(136, 'Connecting to FMS...', 0)| |(134, 'passed', 0)| |(133, 'passed', 0)| |(132, 'passed', 0)| |(131, 'passed', 0)| |(130, 'passed', 0)| |(129, 'passed', 0)| |(128, 'passed', 0)| |(127, 'passed', 0)| |(126, 'passed', 0)| |(125, 'passed', 0)| |(124, 'passed', 0)| |(123, 'passed', 0)| |(122, 'passed', 0)| |(121, 'passed', 0)| |(120, 'passed', 0)| |(119, 'passed', 0)| |(118, 'passed', 0)| |(117, 'passed', 0)| |(116, 'passed', 0)| |(115, 'passed', 0)| |(114, 'passed', 0)| |(113, 'passed', 0)| |(112, 'passed', 0)| |(111, 'passed', 0)| |(110, 'passed', 0)| |(109, 'passed', 0)| |(108, 'passed', 0)| |(107, 'passed', 0)| |(106, 'passed', 0)| |(105, 'passed', 0)| |(104, 'passed', 0)| |(103, 'passed', 0)| |(102, 'passed', 0)| |(101, 'passed', 0)| |(100, 'passed', 0)| |(99, 'passed', 0)| |(98, 'passed', 0)| |(97, 'passed', 0)| |(96, 'passed', 0)| |(95, 'passed', 0)| |(94, 'passed', 0)| |(93, 'passed', 0)| |(92, 'passed', 0)| |(91, 'passed', 0)| |(90, 'passed', 0)| |(89, 'passed', 0)| |(88, 'passed', 0)| |(87, 'passed', 0)| |(86, 'passed', 0)| |(85, 'passed', 0)| |(84, 'passed', 0)| |(83, 'passed', 0)| |(82, 'passed', 0)| |(81, 'passed', 0)| |(80, 'passed', 0)| |(79, 'passed', 0)| |(78, 'passed', 0)| |(77, 'passed', 0)| |(76, 'passed', 0)| |(75, 'passed', 0)| |(74, 'passed', 0)| |(73, 'passed', 0)| |(72, 'passed', 0)| |(71, 'passed', 0)| |(70, 'passed', 0)| |(69, 'passed', 0)| |(68, 'passed', 0)| |(67, 'passed', 0)| |(66, 'passed', 0)| |(65, 'passed', 0)| |(64, 'passed', 0)| |(63, 'passed', 0)| |(62, 'passed', 0)| |(61, 'passed', 0)| |(60, 'passed', 0)| |(59, 'passed', 0)| |(58, 'passed', 0)| |(57, 'passed', 0)| |(56, 'passed', 0)| |(55, 'passed', 0)| |(54, 'passed', 0)| |(53, 'passed', 0)| |(52, 'passed', 0)| |(51, 'passed', 0)| |(50, 'passed', 0)| |(49, 'passed', 0)| |(48, 'passed', 0)| |(47, 'passed', 0)| |(46, 'passed', 0)| |(45, 'passed', 0)| |(44, 'passed', 0)| |(43, 'passed', 0)| |(42, 'passed', 0)| |(41, 'passed', 0)| |(40, 'passed', 0)| |(39, 'passed', 0)| |(38, 'passed', 0)| |(37, 'passed', 0)| |(36, 'passed', 0)| |(35, 'passed', 0)| |(34, 'passed', 0)| |(33, 'passed', 0)| |(32, 'passed', 0)| |(31, 'passed', 0)| |(30, 'passed', 0)| |(29, 'passed', 0)| |(28, 'passed', 0)| |(27, 'passed', 0)| |(26, 'passed', 0)| |(25, 'passed', 0)| |(24, 'passed', 0)| |(23, 'passed', 0)| |(22, 'passed', 0)| |(21, 'passed', 0)| |(20, 'passed', 0)| |(19, 'Climbed high', 6)| |(18, None, 0)| |(17, None, 0)| |(16, None, 0)| |(15, None, 0)| |(14, None, 0)| |(13, None, 0)| |(12, None, 0)| |(11, None, 0)| |(10, 'Climbed high', 6)| |(9, None, 0)| |(8, None, 0)| |(7, None, 0)| |(6, None, 0)| |(5, None, 0)| |(4, None, 0)| |(3, None, 0)| |(2, None, 0)| |(1, 'passed', 0)| |(0, 'passed', 0)|
|(136, 'Connecting to FMS...', 0)| |(134, 'Coral 1', 2)| |(133, None, 0)| |(132, None, 0)| |(131, 'Coral HP', 0)| |(130, None, 0)| |(129, None, 0)| |(128, 'Coral 1', 2)| |(127, None, 0)| |(126, None, 0)| |(125, 'Coral HP', 0)| |(124, None, 0)| |(123, None, 0)| |(122, 'Coral 1', 2)| |(121, None, 0)| |(120, None, 0)| |(119, 'Coral HP', 0)| |(118, None, 0)| |(117, None, 0)| |(116, 'passed', 0)| |(115, 'passed', 0)| |(114, 'passed', 0)| |(113, 'passed', 0)| |(112, 'passed', 0)| |(111, 'passed', 0)| |(110, 'passed', 0)| |(109, 'passed', 0)| |(108, 'passed', 0)| |(107, 'passed', 0)| |(106, 'passed', 0)| |(105, 'passed', 0)| |(104, 'passed', 0)| |(103, 'passed', 0)| |(102, 'passed', 0)| |(101, 'passed', 0)| |(100, 'passed', 0)| |(99, 'passed', 0)| |(98, 'passed', 0)| |(97, 'passed', 0)| |(96, 'passed', 0)| |(95, 'passed', 0)| |(94, 'passed', 0)| |(93, 'passed', 0)| |(92, 'passed', 0)| |(91, 'passed', 0)| |(90, 'passed', 0)| |(89, 'passed', 0)| |(88, 'passed', 0)| |(87, 'passed', 0)| |(86, 'passed', 0)| |(85, 'passed', 0)| |(84, 'passed', 0)| |(83, 'passed', 0)| |(82, 'passed', 0)| |(81, 'passed', 0)| |(80, 'passed', 0)| |(79, 'passed', 0)| |(78, 'passed', 0)| |(77, 'passed', 0)| |(76, 'passed', 0)| |(75, 'passed', 0)| |(74, 'passed', 0)| |(73, 'passed', 0)| |(72, 'passed', 0)| |(71, 'passed', 0)| |(70, 'passed', 0)| |(69, 'passed', 0)| |(68, 'passed', 0)| |(67, 'passed', 0)| |(66, 'passed', 0)| |(65, 'passed', 0)| |(64, 'passed', 0)| |(63, 'passed', 0)| |(62, 'passed', 0)| |(61, 'passed', 0)| |(60, 'passed', 0)| |(59, 'passed', 0)| |(58, 'passed', 0)| |(57, 'passed', 0)| |(56, 'passed', 0)| |(55, 'passed', 0)| |(54, 'passed', 0)| |(53, 'passed', 0)| |(52, 'passed', 0)| |(51, 'passed', 0)| |(50, 'passed', 0)| |(49, 'passed', 0)| |(48, 'passed', 0)| |(47, 'passed', 0)| |(46, 'passed', 0)| |(45, 'passed', 0)| |(44, 'passed', 0)| |(43, 'passed', 0)| |(42, 'passed', 0)| |(41, 'passed', 0)| |(40, 'passed', 0)| |(39, 'passed', 0)| |(38, 'passed', 0)| |(37, 'passed', 0)| |(36, 'passed', 0)| |(35, 'passed', 0)| |(34, 'passed', 0)| |(33, 'passed', 0)| |(32, 'passed', 0)| |(31, 'passed', 0)| |(30, 'passed', 0)| |(29, 'passed', 0)| |(28, 'passed', 0)| |(27, 'passed', 0)| |(26, 'passed', 0)| |(25, 'passed', 0)| |(24, 'passed', 0)| |(23, 'passed', 0)| |(22, 'passed', 0)| |(21, 'passed', 0)| |(20, 'passed', 0)| |(19, 'Climbed high', 6)| |(18, None, 0)| |(17, None, 0)| |(16, None, 0)| |(15, None, 0)| |(14, None, 0)| |(13, None, 0)| |(12, None, 0)| |(11, None, 0)| |(10, 'Climbed high', 6)| |(9, None, 0)| |(8, None, 0)| |(7, None, 0)| |(6, None, 0)| |(5, None, 0)| |(4, None, 0)| |(3, None, 0)| |(2, None, 0)| |(1, 'passed', 0)| |(0, 'passed', 0)|
|(136, 'Connecting to FMS...', 0)| |(134, 'passed', 0)| |(133, 'passed', 0)| |(132, 'passed', 0)| |(131, 'passed', 0)| |(130, 'passed', 0)| |(129, 'passed', 0)| |(128, 'passed', 0)| |(127, 'passed', 0)| |(126, 'passed', 0)| |(125, 'passed', 0)| |(124, 'passed', 0)| |(123, 'passed', 0)| |(122, 'passed', 0)| |(121, 'passed', 0)| |(120, 'passed', 0)| |(119, 'passed', 0)| |(118, 'passed', 0)| |(117, 'passed', 0)| |(116, 'passed', 0)| |(115, 'passed', 0)| |(114, 'passed', 0)| |(113, 'passed', 0)| |(112, 'passed', 0)| |(111, 'passed', 0)| |(110, 'passed', 0)| |(109, 'passed', 0)| |(108, 'passed', 0)| |(107, 'passed', 0)| |(106, 'passed', 0)| |(105, 'passed', 0)| |(104, 'passed', 0)| |(103, 'passed', 0)| |(102, 'passed', 0)| |(101, 'passed', 0)| |(100, 'passed', 0)| |(99, 'passed', 0)| |(98, 'passed', 0)| |(97, 'passed', 0)| |(96, 'passed', 0)| |(95, 'passed', 0)| |(94, 'passed', 0)| |(93, 'passed', 0)| |(92, 'passed', 0)| |(91, 'passed', 0)| |(90, 'passed', 0)| |(89, 'passed', 0)| |(88, 'passed', 0)| |(87, 'passed', 0)| |(86, 'passed', 0)| |(85, 'passed', 0)| |(84, 'passed', 0)| |(83, 'passed', 0)| |(82, 'passed', 0)| |(81, 'passed', 0)| |(80, 'passed', 0)| |(79, 'passed', 0)| |(78, 'passed', 0)| |(77, 'passed', 0)| |(76, 'passed', 0)| |(75, 'passed', 0)| |(74, 'passed', 0)| |(73, 'passed', 0)| |(72, 'passed', 0)| |(71, 'passed', 0)| |(70, 'passed', 0)| |(69, 'passed', 0)| |(68, 'passed', 0)| |(67, 'passed', 0)| |(66, 'passed', 0)| |(65, 'passed', 0)| |(64, 'passed', 0)| |(63, 'passed', 0)| |(62, 'passed', 0)| |(61, 'passed', 0)| |(60, 'passed', 0)| |(59, 'passed', 0)| |(58, 'passed', 0)| |(57, 'passed', 0)| |(56, 'passed', 0)| |(55, 'passed', 0)| |(54, 'passed', 0)| |(53, 'passed', 0)| |(52, 'passed', 0)| |(51, 'passed', 0)| |(50, 'passed', 0)| |(49, 'passed', 0)| |(48, 'passed', 0)| |(47, 'passed', 0)| |(46, 'passed', 0)| |(45, 'passed', 0)| |(44, 'passed', 0)| |(43, 'passed', 0)| |(42, 'passed', 0)| |(41, 'passed', 0)| |(40, 'passed', 0)| |(39, 'passed', 0)| |(38, 'passed', 0)| |(37, 'passed', 0)| |(36, 'passed', 0)| |(35, 'passed', 0)| |(34, 'passed', 0)| |(33, 'passed', 0)| |(32, 'passed', 0)| |(31, 'passed', 0)| |(30, 'passed', 0)| |(29, 'passed', 0)| |(28, 'passed', 0)| |(27, 'passed', 0)| |(26, 'passed', 0)| |(25, 'passed', 0)| |(24, 'passed', 0)| |(23, 'passed', 0)| |(22, 'passed', 0)| |(21, 'passed', 0)| |(20, 'passed', 0)| |(19, 'passed', 0)| |(18, 'passed', 0)| |(17, 'passed', 0)| |(16, 'passed', 0)| |(15, 'passed', 0)| |(14, 'passed', 0)| |(13, 'passed', 0)| |(12, 'passed', 0)| |(11, 'passed', 0)| |(10, 'passed', 0)| |(9, 'passed', 0)| |(8, 'passed', 0)| |(7, 'passed', 0)| |(6, 'passed', 0)| |(5, 'passed', 0)| |(4, 'passed', 0)| |(3, 'passed', 0)| |(2, 'passed', 0)| |(1, 'passed', 0)| |(0, 'passed', 0)|
|(136, 'Connecting to FMS...', 0)| |(134, 'passed', 0)| |(133, 'passed', 0)| |(132, 'passed', 0)| |(131, 'passed', 0)| |(130, 'passed', 0)| |(129, 'passed', 0)| |(128, 'passed', 0)| |(127, 'passed', 0)| |(126, 'passed', 0)| |(125, 'passed', 0)| |(124, 'passed', 0)| |(123, 'passed', 0)| |(122, 'passed', 0)| |(121, 'passed', 0)| |(120, 'passed', 0)| |(119, 'passed', 0)| |(118, 'passed', 0)| |(117, 'passed', 0)| |(116, 'passed', 0)| |(115, 'passed', 0)| |(114, 'passed', 0)| |(113, 'passed', 0)| |(112, 'passed', 0)| |(111, 'passed', 0)| |(110, 'passed', 0)| |(109, 'passed', 0)| |(108, 'passed', 0)| |(107, 'passed', 0)| |(106, 'passed', 0)| |(105, 'passed', 0)| |(104, 'passed', 0)| |(103, 'passed', 0)| |(102, 'passed', 0)| |(101, 'passed', 0)| |(100, 'passed', 0)| |(99, 'passed', 0)| |(98, 'passed', 0)| |(97, 'passed', 0)| |(96, 'passed', 0)| |(95, 'passed', 0)| |(94, 'passed', 0)| |(93, 'passed', 0)| |(92, 'passed', 0)| |(91, 'passed', 0)| |(90, 'passed', 0)| |(89, 'passed', 0)| |(88, 'passed', 0)| |(87, 'passed', 0)| |(86, 'passed', 0)| |(85, 'passed', 0)| |(84, 'passed', 0)| |(83, 'passed', 0)| |(82, 'passed', 0)| |(81, 'passed', 0)| |(80, 'passed', 0)| |(79, 'passed', 0)| |(78, 'passed', 0)| |(77, 'passed', 0)| |(76, 'passed', 0)| |(75, 'passed', 0)| |(74, 'passed', 0)| |(73, 'passed', 0)| |(72, 'passed', 0)| |(71, 'passed', 0)| |(70, 'passed', 0)| |(69, 'passed', 0)| |(68, 'passed', 0)| |(67, 'passed', 0)| |(66, 'passed', 0)| |(65, 'passed', 0)| |(64, 'passed', 0)| |(63, 'passed', 0)| |(62, 'passed', 0)| |(61, 'passed', 0)| |(60, 'passed', 0)| |(59, 'passed', 0)| |(58, 'passed', 0)| |(57, 'passed', 0)| |(56, 'passed', 0)| |(55, 'passed', 0)| |(54, 'passed', 0)| |(53, 'passed', 0)| |(52, 'passed', 0)| |(51, 'passed', 0)| |(50, 'passed', 0)| |(49, 'passed', 0)| |(48, 'passed', 0)| |(47, 'passed', 0)| |(46, 'passed', 0)| |(45, 'passed', 0)| |(44, 'passed', 0)| |(43, 'passed', 0)| |(42, 'passed', 0)| |(41, 'passed', 0)| |(40, 'passed', 0)| |(39, 'passed', 0)| |(38, 'passed', 0)| |(37, 'passed', 0)| |(36, 'passed', 0)| |(35, 'passed', 0)| |(34, 'passed', 0)| |(33, 'passed', 0)| |(32, 'passed', 0)| |(31, 'passed', 0)| |(30, 'passed', 0)| |(29, 'passed', 0)| |(28, 'passed', 0)| |(27, 'passed', 0)| |(26, 'passed', 0)| |(25, 'passed', 0)| |(24, 'passed', 0)| |(23, 'passed', 0)| |(22, 'passed', 0)| |(21, 'passed', 0)| |(20, 'passed', 0)| |(19, 'Climbed high', 6)| |(18, None, 0)| |(17, None, 0)| |(16, None, 0)| |(15, None, 0)| |(14, None, 0)| |(13, None, 0)| |(12, None, 0)| |(11, None, 0)| |(10, 'Climbed high', 6)| |(9, None, 0)| |(8, None, 0)| |(7, None, 0)| |(6, None, 0)| |(5, None, 0)| |(4, None, 0)| |(3, None, 0)| |(2, None, 0)| |(1, 'passed', 0)| |(0, 'passed', 0)|
|(136, 'Connecting to FMS...', 0)| |(134, 'passed', 0)| |(133, 'passed', 0)| |(132, 'passed', 0)| |(131, 'passed', 0)| |(130, 'passed', 0)| |(129, 'passed', 0)| |(128, 'passed', 0)| |(127, 'passed', 0)| |(126, 'passed', 0)| |(125, 'passed', 0)| |(124, 'passed', 0)| |(123, 'passed', 0)| |(122, 'passed', 0)| |(121, 'passed', 0)| |(120, 'passed', 0)| |(119, 'passed', 0)| |(118, 'passed', 0)| |(117, 'passed', 0)| |(116, 'passed', 0)| |(115, 'passed', 0)| |(114, 'passed', 0)| |(113, 'passed', 0)| |(112, 'passed', 0)| |(111, 'passed', 0)| |(110, 'passed', 0)| |(109, 'passed', 0)| |(108, 'passed', 0)| |(107, 'passed', 0)| |(106, 'passed', 0)| |(105, 'passed', 0)| |(104, 'passed', 0)| |(103, 'passed', 0)| |(102, 'passed', 0)| |(101, 'passed', 0)| |(100, 'passed', 0)| |(99, 'passed', 0)| |(98, 'passed', 0)| |(97, 'passed', 0)| |(96, 'passed', 0)| |(95, 'passed', 0)| |(94, 'passed', 0)| |(93, 'passed', 0)| |(92, 'passed', 0)| |(91, 'passed', 0)| |(90, 'passed', 0)| |(89, 'passed', 0)| |(88, 'passed', 0)| |(87, 'passed', 0)| |(86, 'passed', 0)| |(85, 'passed', 0)| |(84, 'passed', 0)| |(83, 'passed', 0)| |(82, 'passed', 0)| |(81, 'passed', 0)| |(80, 'passed', 0)| |(79, 'passed', 0)| |(78, 'passed', 0)| |(77, 'passed', 0)| |(76, 'passed', 0)| |(75, 'passed', 0)| |(74, 'passed', 0)| |(73, 'passed', 0)| |(72, 'passed', 0)| |(71, 'passed', 0)| |(70, 'passed', 0)| |(69, 'passed', 0)| |(68, 'passed', 0)| |(67, 'passed', 0)| |(66, 'passed', 0)| |(65, 'passed', 0)| |(64, 'passed', 0)| |(63, 'passed', 0)| |(62, 'passed', 0)| |(61, 'passed', 0)| |(60, 'passed', 0)| |(59, 'passed', 0)| |(58, 'passed', 0)| |(57, 'passed', 0)| |(56, 'passed', 0)| |(55, 'passed', 0)| |(54, 'passed', 0)| |(53, 'passed', 0)| |(52, 'passed', 0)| |(51, 'passed', 0)| |(50, 'passed', 0)| |(49, 'passed', 0)| |(48, 'passed', 0)| |(47, 'passed', 0)| |(46, 'passed', 0)| |(45, 'passed', 0)| |(44, 'passed', 0)| |(43, 'passed', 0)| |(42, 'passed', 0)| |(41, 'passed', 0)| |(40, 'passed', 0)| |(39, 'passed', 0)| |(38, 'passed', 0)| |(37, 'passed', 0)| |(36, 'passed', 0)| |(35, 'passed', 0)| |(34, 'passed', 0)| |(33, 'passed', 0)| |(32, 'passed', 0)| |(31, 'passed', 0)| |(30, 'passed', 0)| |(29, 'passed', 0)| |(28, 'passed', 0)| |(27, 'passed', 0)| |(26, 'passed', 0)| |(25, 'passed', 0)| |(24, 'passed', 0)| |(23, 'passed', 0)| |(22, 'passed', 0)| |(21, 'passed', 0)| |(20, 'passed', 0)| |(19, 'Climbed high', 6)| |(18, None, 0)| |(17, None, 0)| |(16, None, 0)| |(15, None, 0)| |(14, None, 0)| |(13, None, 0)| |(12, None, 0)| |(11, None, 0)| |(10, 'Climbed high', 6)| |(9, None, 0)| |(8, None, 0)| |(7, None, 0)| |(6, None, 0)| |(5, None, 0)| |(4, None, 0)| |(3, None, 0)| |(2, None, 0)| |(1, 'passed', 0)| |(0, 'passed', 0)|
|(136, 'Connecting to FMS...', 0)| |(134, 'passed', 0)| |(133, 'passed', 0)| |(132, 'passed', 0)| |(131, 'passed', 0)| |(130, 'passed', 0)| |(129, 'passed', 0)| |(128, 'passed', 0)| |(127, 'passed', 0)| |(126, 'passed', 0)| |(125, 'passed', 0)| |(124, 'passed', 0)| |(123, 'passed', 0)| |(122, 'passed', 0)| |(121, 'passed', 0)| |(120, 'passed', 0)| |(119, 'passed', 0)| |(118, 'passed', 0)| |(117, 'passed', 0)| |(116, 'passed', 0)| |(115, 'passed', 0)| |(114, 'passed', 0)| |(113, 'passed', 0)| |(112, 'passed', 0)| |(111, 'passed', 0)| |(110, 'passed', 0)| |(109, 'passed', 0)| |(108, 'passed', 0)| |(107, 'passed', 0)| |(106, 'passed', 0)| |(105, 'passed', 0)| |(104, 'passed', 0)| |(103, 'passed', 0)| |(102, 'passed', 0)| |(101, 'passed', 0)| |(100, 'passed', 0)| |(99, 'passed', 0)| |(98, 'passed', 0)| |(97, 'passed', 0)| |(96, 'passed', 0)| |(95, 'passed', 0)| |(94, 'passed', 0)| |(93, 'passed', 0)| |(92, 'passed', 0)| |(91, 'passed', 0)| |(90, 'passed', 0)| |(89, 'passed', 0)| |(88, 'passed', 0)| |(87, 'passed', 0)| |(86, 'passed', 0)| |(85, 'passed', 0)| |(84, 'passed', 0)| |(83, 'passed', 0)| |(82, 'passed', 0)| |(81, 'passed', 0)| |(80, 'passed', 0)| |(79, 'passed', 0)| |(78, 'passed', 0)| |(77, 'passed', 0)| |(76, 'passed', 0)| |(75, 'passed', 0)| |(74, 'passed', 0)| |(73, 'passed', 0)| |(72, 'passed', 0)| |(71, 'passed', 0)| |(70, 'passed', 0)| |(69, 'passed', 0)| |(68, 'passed', 0)| |(67, 'passed', 0)| |(66, 'passed', 0)| |(65, 'passed', 0)| |(64, 'passed', 0)| |(63, 'passed', 0)| |(62, 'passed', 0)| |(61, 'passed', 0)| |(60, 'passed', 0)| |(59, 'passed', 0)| |(58, 'passed', 0)| |(57, 'passed', 0)| |(56, 'passed', 0)| |(55, 'passed', 0)| |(54, 'passed', 0)| |(53, 'passed', 0)| |(52, 'passed', 0)| |(51, 'passed', 0)| |(50, 'passed', 0)| |(49, 'passed', 0)| |(48, 'passed', 0)| |(47, 'passed', 0)| |(46, 'passed', 0)| |(45, 'passed', 0)| |(44, 'passed', 0)| |(43, 'passed', 0)| |(42, 'passed', 0)| |(41, 'passed', 0)| |(40, 'passed', 0)| |(39, 'passed', 0)| |(38, 'passed', 0)| |(37, 'passed', 0)| |(36, 'passed', 0)| |(35, 'passed', 0)| |(34, 'passed', 0)| |(33, 'passed', 0)| |(32, 'passed', 0)| |(31, 'passed', 0)| |(30, 'passed', 0)| |(29, 'passed', 0)| |(28, 'passed', 0)| |(27, 'passed', 0)| |(26, 'passed', 0)| |(25, 'passed', 0)| |(24, 'passed', 0)| |(23, 'passed', 0)| |(22, 'passed', 0)| |(21, 'passed', 0)| |(20, 'passed', 0)| |(19, 'Climbed high', 6)| |(18, None, 0)| |(17, None, 0)| |(16, None, 0)| |(15, None, 0)| |(14, None, 0)| |(13, None, 0)| |(12, None, 0)| |(11, None, 0)| |(10, 'Climbed high', 6)| |(9, None, 0)| |(8, None, 0)| |(7, None, 0)| |(6, None, 0)| |(5, None, 0)| |(4, None, 0)| |(3, None, 0)| |(2, None, 0)| |(1, 'passed', 0)| |(0, 'passed', 0)|
|(136, 'Connecting to FMS...', 0)| |(134, 'passed', 0)| |(133, 'passed', 0)| |(132, 'passed', 0)| |(131, 'passed', 0)| |(130, 'passed', 0)| |(129, 'passed', 0)| |(128, 'passed', 0)| |(127, 'passed', 0)| |(126, 'passed', 0)| |(125, 'passed', 0)| |(124, 'passed', 0)| |(123, 'passed', 0)| |(122, 'passed', 0)| |(121, 'passed', 0)| |(120, 'passed', 0)| |(119, 'passed', 0)| |(118, 'passed', 0)| |(117, 'passed', 0)| |(116, 'passed', 0)| |(115, 'passed', 0)| |(114, 'passed', 0)| |(113, 'passed', 0)| |(112, 'passed', 0)| |(111, 'passed', 0)| |(110, 'passed', 0)| |(109, 'passed', 0)| |(108, 'passed', 0)| |(107, 'passed', 0)| |(106, 'passed', 0)| |(105, 'passed', 0)| |(104, 'passed', 0)| |(103, 'passed', 0)| |(102, 'passed', 0)| |(101, 'passed', 0)| |(100, 'passed', 0)| |(99, 'passed', 0)| |(98, 'passed', 0)| |(97, 'passed', 0)| |(96, 'passed', 0)| |(95, 'passed', 0)| |(94, 'passed', 0)| |(93, 'passed', 0)| |(92, 'passed', 0)| |(91, 'passed', 0)| |(90, 'passed', 0)| |(89, 'passed', 0)| |(88, 'passed', 0)| |(87, 'passed', 0)| |(86, 'passed', 0)| |(85, 'passed', 0)| |(84, 'passed', 0)| |(83, 'passed', 0)| |(82, 'passed', 0)| |(81, 'passed', 0)| |(80, 'passed', 0)| |(79, 'passed', 0)| |(78, 'passed', 0)| |(77, 'passed', 0)| |(76, 'passed', 0)| |(75, 'passed', 0)| |(74, 'passed', 0)| |(73, 'passed', 0)| |(72, 'passed', 0)| |(71, 'passed', 0)| |(70, 'passed', 0)| |(69, 'passed', 0)| |(68, 'passed', 0)| |(67, 'passed', 0)| |(66, 'passed', 0)| |(65, 'passed', 0)| |(64, 'passed', 0)| |(63, 'passed', 0)| |(62, 'passed', 0)| |(61, 'passed', 0)| |(60, 'passed', 0)| |(59, 'passed', 0)| |(58, 'passed', 0)| |(57, 'passed', 0)| |(56, 'passed', 0)| |(55, 'passed', 0)| |(54, 'passed', 0)| |(53, 'passed', 0)| |(52, 'passed', 0)| |(51, 'passed', 0)| |(50, 'passed', 0)| |(49, 'passed', 0)| |(48, 'passed', 0)| |(47, 'passed', 0)| |(46, 'passed', 0)| |(45, 'passed', 0)| |(44, 'passed', 0)| |(43, 'passed', 0)| |(42, 'passed', 0)| |(41, 'passed', 0)| |(40, 'passed', 0)| |(39, 'passed', 0)| |(38, 'passed', 0)| |(37, 'passed', 0)| |(36, 'passed', 0)| |(35, 'passed', 0)| |(34, 'passed', 0)| |(33, 'passed', 0)| |(32, 'passed', 0)| |(31, 'passed', 0)| |(30, 'passed', 0)| |(29, 'passed', 0)| |(28, 'passed', 0)| |(27, 'passed', 0)| |(26, 'passed', 0)| |(25, 'passed', 0)| |(24, 'passed', 0)| |(23, 'passed', 0)| |(22, 'passed', 0)| |(21, 'passed', 0)| |(20, 'passed', 0)| |(19, 'passed', 0)| |(18, 'passed', 0)| |(17, 'passed', 0)| |(16, 'passed', 0)| |(15, 'passed', 0)| |(14, 'passed', 0)| |(13, 'passed', 0)| |(12, 'passed', 0)| |(11, 'passed', 0)| |(10, 'passed', 0)| |(9, 'passed', 0)| |(8, 'passed', 0)| |(7, 'passed', 0)| |(6, 'passed', 0)| |(5, 'passed', 0)| |(4, 'passed', 0)| |(3, 'passed', 0)| |(2, 'passed', 0)| |(1, 'passed', 0)| |(0, 'passed', 0)|
|(136, 'Connecting to FMS...', 0)| |(134, 'passed', 0)| |(133, 'passed', 0)| |(132, 'passed', 0)| |(131, 'passed', 0)| |(130, 'passed', 0)| |(129, 'passed', 0)| |(128, 'passed', 0)| |(127, 'passed', 0)| |(126, 'passed', 0)| |(125, 'passed', 0)| |(124, 'passed', 0)| |(123, 'passed', 0)| |(122, 'passed', 0)| |(121, 'passed', 0)| |(120, 'passed', 0)| |(119, 'passed', 0)| |(118, 'passed', 0)| |(117, 'passed', 0)| |(116, 'passed', 0)| |(115, 'passed', 0)| |(114, 'passed', 0)| |(113, 'passed', 0)| |(112, 'passed', 0)| |(111, 'passed', 0)| |(110, 'passed', 0)| |(109, 'passed', 0)| |(108, 'passed', 0)| |(107, 'passed', 0)| |(106, 'passed', 0)| |(105, 'passed', 0)| |(104, 'passed', 0)| |(103, 'passed', 0)| |(102, 'passed', 0)| |(101, 'passed', 0)| |(100, 'passed', 0)| |(99, 'passed', 0)| |(98, 'passed', 0)| |(97, 'passed', 0)| |(96, 'passed', 0)| |(95, 'passed', 0)| |(94, 'passed', 0)| |(93, 'passed', 0)| |(92, 'passed', 0)| |(91, 'passed', 0)| |(90, 'passed', 0)| |(89, 'passed', 0)| |(88, 'passed', 0)| |(87, 'passed', 0)| |(86, 'passed', 0)| |(85, 'passed', 0)| |(84, 'passed', 0)| |(83, 'passed', 0)| |(82, 'passed', 0)| |(81, 'passed', 0)| |(80, 'passed', 0)| |(79, 'passed', 0)| |(78, 'passed', 0)| |(77, 'passed', 0)| |(76, 'passed', 0)| |(75, 'passed', 0)| |(74, 'passed', 0)| |(73, 'passed', 0)| |(72, 'passed', 0)| |(71, 'passed', 0)| |(70, 'passed', 0)| |(69, 'passed', 0)| |(68, 'passed', 0)| |(67, 'passed', 0)| |(66, 'passed', 0)| |(65, 'passed', 0)| |(64, 'passed', 0)| |(63, 'passed', 0)| |(62, 'passed', 0)| |(61, 'passed', 0)| |(60, 'passed', 0)| |(59, 'passed', 0)| |(58, 'passed', 0)| |(57, 'passed', 0)| |(56, 'passed', 0)| |(55, 'passed', 0)| |(54, 'passed', 0)| |(53, 'passed', 0)| |(52, 'passed', 0)| |(51, 'passed', 0)| |(50, 'passed', 0)| |(49, 'passed', 0)| |(48, 'passed', 0)| |(47, 'passed', 0)| |(46, 'passed', 0)| |(45, 'passed', 0)| |(44, 'passed', 0)| |(43, 'passed', 0)| |(42, 'passed', 0)| |(41, 'passed', 0)| |(40, 'passed', 0)| |(39, 'passed', 0)| |(38, 'passed', 0)| |(37, 'passed', 0)| |(36, 'passed', 0)| |(35, 'passed', 0)| |(34, 'passed', 0)| |(33, 'passed', 0)| |(32, 'passed', 0)| |(31, 'passed', 0)| |(30, 'passed', 0)| |(29, 'passed', 0)| |(28, 'passed', 0)| |(27, 'passed', 0)| |(26, 'passed', 0)| |(25, 'passed', 0)| |(24, 'passed', 0)| |(23, 'passed', 0)| |(22, 'passed', 0)| |(21, 'passed', 0)| |(20, 'passed', 0)| |(19, 'Climbed high', 6)| |(18, None, 0)| |(17, None, 0)| |(16, None, 0)| |(15, None, 0)| |(14, None, 0)| |(13, None, 0)| |(12, None, 0)| |(11, None, 0)| |(10, 'Climbed high', 6)| |(9, None, 0)| |(8, None, 0)| |(7, None, 0)| |(6, None, 0)| |(5, None, 0)| |(4, None, 0)| |(3, None, 0)| |(2, None, 0)| |(1, 'passed', 0)| |(0, 'passed', 0)|
